<?xml version="1.0" encoding="utf-8"?>
<beans xmlns="http://www.springframework.org/schema/beans"
	xmlns:xsi="http://www.w3.org/2001/XMLSchema-instance"
	xsi:schemaLocation="http://www.springframework.org/schema/beans
		http://www.springframework.org/schema/beans/spring-beans-4.1.xsd">


	<bean id="dbcp" class="org.apache.commons.dbcp.BasicDataSource" destroy-method="close">
		<property name="driverClassName" value="org.mariadb.jdbc.Driver" /> 
		<property name="url" value="jdbc:mariadb://183.111.242.21:3306/pukyung20" /> 
		<property name="username" value="pukyung20" /> 
		<property name="password" value="pukyung00!!1" /> 
	</bean>
	
	
	<bean id="jtpl" class="org.springframework.jdbc.core.JdbcTemplate">
		<property name="dataSource" ref="dbcp" />
	</bean>

	<bean id="msgDao" class="banana.MsgDAO_Spring">
		<property name="jdbcTemplate" ref="jtpl"/>
	</bean>

	
	<bean id="msgListDao" class="banana.MsgListDAO_Spring">
		<property name="jdbcTemplate" ref="jtpl"/>
	</bean>

	<bean class="banana.MsgList_Ctrl">
		<property name="msgListDao" ref="msgListDao"/>
	</bean>
	
	
	<bean class="banana.Msg_Ctrl">
		<property name="msgDao" ref="msgDao"/>
	</bean>
	
	
	<bean id="viewResolver" class="org.springframework.web.servlet.view.InternalResourceViewResolver">
		<property name="prefix" value="WEB-INF/jsp/"/>
		<property name="suffix" value=".jsp"/>
	</bean>
	
	

</beans>